2019,Charbonnieres,Catherine,Giacovelli,Js,rgiacovellid@pen.io
2019,Charbonnieres,Veronique,Sigge,Java,jsigge10@wsj.com
2019,Villeurbanne,Alois,Truelock,Java,mtruelock18@diigo.com
2019,Saint-Martin,Susy,Malatalant,Js,omalatalant19@sciencedirect.com
2019,Villeurbanne,Karim,Stollenberg,PHP,sstollenberg1c@newyorker.com
2019,Charbonnieres,Alexandre,Southcoat,PHP,bsouthcoat1n@purevolume.com
2019,Villeurbanne,Melodie,Youdell,Java,lyoudell1q@symantec.com
2019,Villeurbanne,Jade,Frondt,Python,nfrondt25@gravatar.com
2019,Charbonnieres,Catherine,Gantz,Java,bgantz3u@example.com
2019,Villeurbanne,Juliette,Rozec,Java,mrozec3z@reverbnation.com
2019,Remote,Melodie,Ebanks,PHP,rebanks4r@si.edu
2019,Villeurbanne,Michel,Juster,PHP,wjuster4v@photobucket.com
2019,Gex,Adrien,Doneld,PHP,adoneld4z@psu.edu
2019,Gex,Susy,Pridmore,Python,ppridmore55@gravatar.com
2019,Remote,Loic,Sellen,Js,hsellen5p@imdb.com
2019,Remote,Yoann,Moneti,Java,emoneti60@yellowbook.com
2019,Saint-Martin,Dorsun,Loughren,Python,cloughren6a@issuu.com
2019,Villeurbanne,Lena,Howman,PHP,dhowman74@discovery.com
2019,Charbonnieres,Alice,Teather,Java,mteather75@europa.eu
2019,Gex,Sara,Beaconsall,Js,rbeaconsall79@indiegogo.com
2019,Remote,Mia,Broady,Python,mbroady83@shop-pro.jp
2019,Gex,Mia,Dunn,PHP,ddunn8p@exblog.jp
2019,Saint-Martin,Amanda,Battill,PHP,kbattillab@rediff.com
2019,Charbonnieres,Alexandre,Riggeard,Java,sriggeardag@usa.gov
2019,Remote,Theo,Lahy,Js,glahyaj@goo.gl
2019,Charbonnieres,Tony,Edds,Js,aeddsb2@netvibes.com
2019,Villeurbanne,Cedric,Mackie,PHP,fmackiebn@booking.com
2019,Gex,Bilel,Impy,PHP,mimpybx@google.co.uk
2019,Remote,Ludwig,Darbyshire,PHP,hdarbyshirec2@aol.com
2019,Gex,Jean-loup,Souster,PHP,lsoustercj@army.mil
2019,Remote,Theo,Trase,Java,ftrasecn@cyberchimps.com
2019,Saint-Martin,Jennifer,Scurrer,Python,cscurrerdm@nps.gov
2019,Villeurbanne,Alois,Slocket,Python,aslockete0@xinhuanet.com
2019,Villeurbanne,Anna,Clements,PHP,tclementseg@bbb.org
2019,Saint-Martin,Theo,Lauks,Js,tlaukser@nasa.gov
2019,Remote,Cedric,Drain,Js,jdraing3@mashable.com
2019,Saint-Martin,Claude,Conneely,Python,rconneelygj@imageshack.us
2019,Remote,Philippe,Chappelle,Java,jchappelleh0@nasa.gov
2019,Villeurbanne,Alice,Heed,Java,mheedh4@wiley.com
2019,Saint-Martin,Claude,Stourton,PHP,bstourtonil@thetimes.co.uk
2019,Remote,Philippe,Lemary,Python,clemaryit@com.com
2019,Gex,Adrien,Riddoch,PHP,lriddochix@independent.co.uk
2019,Gex,Claude,Hamner,PHP,khamnerj4@china.com.cn
2019,Saint-Martin,Catherine,Besque,Java,ibesquej6@geocities.com
2019,Villeurbanne,Lucas,Dunge,Js,mdungekd@hibu.com
2019,Villeurbanne,Kinglsey,Paulack,Java,vpaulackku@behance.net
2019,Villeurbanne,Iliana,Gwynn,PHP,cgwynnlj@cmu.edu
2019,Remote,Claude,Mendus,Java,mmendusln@ebay.com
2019,Charbonnieres,Melodie,Conerding,Java,iconerdingm2@goodreads.com
2019,Villeurbanne,Karim,Joly,Js,gjolymd@theguardian.com
2019,Saint-Martin,Mathieu,Dickson,Java,rdicksonms@studiopress.com
2019,Remote,Lena,Kings,PHP,kkingso2@posterous.com
2019,Remote,Matteo,Watkiss,PHP,wwatkissol@ed.gov
2019,Gex,Aurelien,Camerello,Python,dcamerellooo@diigo.com
2019,Saint-Martin,Adrien,Fison,Java,dfisonou@harvard.edu
2019,Charbonnieres,Adam,Dorre,Js,sdorreox@disqus.com
2019,Charbonnieres,Adam,Craw,Python,kcrawpa@salon.com
2019,Gex,Eric,Larose,Python,mlarosepi@w3.org
2019,Saint-Martin,Jennifer,Dullard,PHP,bdullardq3@nyu.edu
2019,Saint-Martin,Philippe,Knipe,Java,dknipeq5@ftc.gov
2019,Villeurbanne,Ali,Chadd,PHP,wchaddq8@google.co.jp
2019,Gex,Michel,Hatry,Java,ehatryqd@xing.com
2019,Remote,Lena,Avesque,PHP,wavesqueqz@guardian.co.uk
2019,Remote,David,Urwin,Java,burwinr5@netvibes.com
2019,Remote,Adam,Bedberry,Js,abedberryrj@zimbio.com
2019,Remote,Melodie,Ebanks,PHP,rebanks4r@si.edu
2019,Remote,Ludwig,Darbyshire,PHP,hdarbyshirec2@aol.com
2019,Remote,Lena,Kings,PHP,kkingso2@posterous.com
2019,Remote,Matteo,Watkiss,PHP,wwatkissol@ed.gov
2019,Remote,Lena,Avesque,PHP,wavesqueqz@guardian.co.uk
       5
